{"edges": [[1, 0], [2, 0], [3, 0], [0, 1], [3, 1], [4, 1], [0, 2], [3, 2], [4,2], [0,3], [2,3],[4,3], [0,4], [2,4], [3,4]], 
"edge_weights": [0.36197, 0.07755, 0.49501, 0.5277, 0.39136, 0.39187, 0.17637, 0.31716, 0.50442, 0.3074, 0.3853, 0.18508, 0.08407, 0.10123, 0.15909, 0.32371],
"node_ids": {"newDeaths_x":0,"suspects_x":1, "recovered_x":2, "newCases_x":3, "tests_x":4}, 
"database": [
 [1.000000, 	0.527697, 	0.317156, 	0.385297, 	0.101228],
 [0.361971, 	1.000000, 	0.000000, 	0.000000, 	0.000000],
 [0.077551, 	0.000000, 	1.000000, 	0.185081, 	0.159087],
 [0.495008, 	0.391868, 	0.504421, 	1.000000, 	0.323712],
 [0.000000, 	0.176374, 	0.307402, 	0.084068, 	1.000000]
]
}