{"edges": [[1, 0], [2, 0], [3, 0], [4, 0], [3, 1], [4, 1], [0, 2], [1, 2], [3,2], [0,3], [1,3],[2,3], [0,4], [1,4], [3,4]], 
"edge_weights": [0.06718, 0.33203, 1.0, 0.39136, 0.05319, 1.0, 1.0, 0.13495, 0.38637, 0.24272, 1.0, 0.86216, 1.0, 0.08418, 0.16895],
"node_ids": {"newDeaths_x":0,"suspects_x":1, "recovered_x":2, "newCases_x":3, "tests_x":4}, 
"database": [
 [0.000000, 	0.002039, 	1.000000, 	0.242718, 	1.000000],
 [0.067184, 	0.000000, 	0.134946, 	1.000000, 	0.084178],
 [0.332033, 	0.001498, 	0.000000,	0.862161, 	0.041802],
 [1.000000, 	0.053189, 	0.386373, 	0.000000, 	0.168945],
 [0.391357, 	1.000000, 	0.012537, 	0.013244, 	0.000000]
]
}