{"edges": [[1, 0], [2, 0], [3, 0], [4, 0], [3, 1], [4, 1], [0, 2], [1, 2], [3,2], [0,3], [1,3],[2,3], [0,4], [1,4], [3,4]], 
"edge_weights": [0.06718, 0.33203, 1.0, 0.39136, 0.05319, 1.0, 1.0, 0.13495, 0.38637, 0.24272, 1.0, 0.86216, 1.0, 0.08418, 0.16895],
"node_ids": {"newDeaths_x":0,"suspects_x":1, "recovered_x":2, "newCases_x":3, "tests_x":4}, 
"datababase": [[]]
}