{"edges": [[1, 0], [2, 0], [3, 0], [0, 1], [3, 1], [4, 1], [0, 2], [3, 2], [4,2], [0,3], [2,3],[4,3], [0,4], [2,4], [3,4]], 
"edge_weights": [0.3879, 0.07587, 0.49762, 0.5453, 0.39187, 0.17637, 0.31351, 0.50442, 0.3074, 0.38633, 0.18508, 0.08407, 0.9807, 0.15909, 0.32371],
"node_ids": {"newDeaths_x":0,"suspects_x":1, "recovered_x":2, "newCases_x":3, "tests_x":4}, 
"database": [[]]
}