{"edges": [[2, 0], [3, 0], [0, 1], [3, 1], [4, 1], [1, 2], [3, 2], [4, 2], [0,3], [1,3], [2,3],[4,3], [0,4], [2,4], [3,4]], 
"edge_weights": [1.0, 1.0, 1.0, 0.25, 0.5, 1.0, 0.66667, 0.33333, 1.0, 0.25, 0.75, 0.5, 0.57143, 0.71429, 1.0],
"node_ids": {"newDeaths_x":0,"suspects_x":1, "recovered_x":2, "newCases_x":3, "tests_x":4}, 
"database": [
 [0.0, 	1.00, 	0.000000, 	1.00, 	0.571429],
 [0.0, 	0.50, 	1.000000, 	0.25, 	0.000000],
 [1.0,	0.00, 	0.333333, 	0.75, 	0.714286],
 [1.0, 	0.25, 	0.666667, 	0.00,	  1.000000],
 [0.0, 	0.50, 	0.333333, 	0.50, 	0.571429]
]
}